619168f4-eec0-4210-8bb1-43cca2846d06,bc2c36a182b249d66621dda0c6f69df080c139fe3d0ae797ddf29b874e313ed8,normal,dragonf-vfzf9o-dragonfly-peer-25.peer.d7y.svc.cluster.local,10.233.104.251,65000,21,0,,,471dacc64613b1b62b81cc3325c147c477772c5262187187fa7badacab06dde8,normal,dragonf-vfzf9o-dragonfly-peer-11.peer.d7y.svc.cluster.local,10.233.104.75,65000,22,0,,,52562,1695110246724809415,1695124766708561969,411f1e16da62eeac2f2c00430e98dd43a91c03861f05f79ee5af8066147e5215,normal,dragonf-vfzf9o-dragonfly-peer-17.peer.d7y.svc.cluster.local,10.233.113.229,65000,27,0,,,398932,1695110546724370689,1695125246709039711,ad6141560446444253ba4c3af93e2938a0b00a494866a6588cebc46af137e9c6,normal,dragonf-vfzf9o-dragonfly-peer-0.peer.d7y.svc.cluster.local,10.233.113.171,65000,28,0,,,374309,1695110306727990177,1695125186708899405,d87cd92c133270d2eac9919159dd4cbc7318dd2640e45be1b8a44f52379d57d3,normal,dragonf-vfzf9o-dragonfly-peer-1.peer.d7y.svc.cluster.local,10.233.111.58,65000,24,0,,,473313,1695110066727581037,1695124886708810695,5df480f859d51838fb3251b008cb459aedff78ed7a900230a1f70549df108389,normal,dragonf-vfzf9o-dragonfly-peer-10.peer.d7y.svc.cluster.local,10.233.104.78,65000,23,0,,,49587,1695110606728054533,1695125366708279799,1695125478121751638
619168f4-eec0-4210-8bb1-43cca2846d06,4067cbb29a62bb9063d0874e9a0f2973b787057c282de2739baa5d5a983113cb,normal,dragonf-vfzf9o-dragonfly-peer-21.peer.d7y.svc.cluster.local,10.233.111.132,65000,26,0,,,1170744322fbe5e73d8c7608408f101173084f136476ccaee6238c596b69d3a5,normal,dragonf-vfzf9o-dragonfly-peer-14.peer.d7y.svc.cluster.local,10.233.104.64,65000,21,0,,,430975,1695111087819561554,1695124795308196324,fcb55eb7cbd5118e1bc6cbd5fbf87e6bfee7a827fd7abf8c97f879a7b8694255,normal,dragonf-vfzf9o-dragonfly-peer-18.peer.d7y.svc.cluster.local,10.233.111.156,65000,25,0,,,269542,1695106377813078308,1695124975308136175,ece370933b02182900cb8e9b9316ef9b398903cb70857bdfddfb9b2777a52df6,normal,dragonf-vfzf9o-dragonfly-peer-16.peer.d7y.svc.cluster.local,10.233.111.123,65000,25,0,,,219694,1695106277814910059,1695125395307425197,ad6141560446444253ba4c3af93e2938a0b00a494866a6588cebc46af137e9c6,normal,dragonf-vfzf9o-dragonfly-peer-0.peer.d7y.svc.cluster.local,10.233.113.171,65000,28,0,,,500901,1695106537815009743,1695125155308349210,6e31410044dd0491953bd0aee12715014139d4310df08a13c8011e5b239c28a8,normal,dragonf-vfzf9o-dragonfly-peer-29.peer.d7y.svc.cluster.local,10.233.113.27,65000,28,0,,,468570,1695106367812948824,1695124735307272723,1695125478121751638
619168f4-eec0-4210-8bb1-43cca2846d06,7f1f0240b6ecc90efb3c2af15790eda4013c480cb44befb6d9065e861b6e2e6d,normal,dragonf-vfzf9o-dragonfly-peer-20.peer.d7y.svc.cluster.local,10.233.113.109,65000,26,0,,,f9c13a259fffd1c5968db6f216fc4edaa8ffe2cc334fc4abfd775782bef17d30,normal,dragonf-vfzf9o-dragonfly-peer-4.peer.d7y.svc.cluster.local,10.233.111.128,65000,26,0,,,574743,1695106568018498138,1695124349471020982,7721175b666769240fba47c733d325994ea27d4c470347be4111990aafc896e5,normal,dragonf-vfzf9o-dragonfly-peer-6.peer.d7y.svc.cluster.local,10.233.113.87,65000,24,0,,,196191,1695106358016303875,1695124829470784502,89bcd1d85802c7659d5ab89c3dd1a5f6fd36ecebfbe58ddfa6a18226808b4716,normal,dragonf-vfzf9o-dragonfly-peer-7.peer.d7y.svc.cluster.local,10.233.111.152,65000,21,0,,,635031,1695109238025577808,1695125069472071298,bc2c36a182b249d66621dda0c6f69df080c139fe3d0ae797ddf29b874e313ed8,normal,dragonf-vfzf9o-dragonfly-peer-25.peer.d7y.svc.cluster.local,10.233.104.251,65000,21,0,,,508242,1695109828017934161,1695123989472065509,ad87f3233e90eecc8e13c92c11ec9ace5520869fccc98c3a8b920617771348e9,normal,dragonf-vfzf9o-dragonfly-peer-22.peer.d7y.svc.cluster.local,10.233.104.7,65000,19,0,,,452081,1695109828019132720,1695125429470919748,1695125478121751638
619168f4-eec0-4210-8bb1-43cca2846d06,33c142ffce5085deab9b1489cd78b34a518e107908061842254752ce4ec112bb,normal,dragonf-vfzf9o-dragonfly-peer-8.peer.d7y.svc.cluster.local,10.233.113.233,65000,25,0,,,5d329e3ff4380cce91a188df4c4206175aadc549de218d0707855fe56ea05ddb,normal,dragonf-vfzf9o-dragonfly-peer-3.peer.d7y.svc.cluster.local,10.233.113.47,65000,27,0,,,248394,1695108584116346453,1695125371203993343,f9c13a259fffd1c5968db6f216fc4edaa8ffe2cc334fc4abfd775782bef17d30,normal,dragonf-vfzf9o-dragonfly-peer-4.peer.d7y.svc.cluster.local,10.233.111.128,65000,26,0,,,425297,1695109664115737854,1695124711203055558,a65c4e098ef9ac6cd23d365723f3363e7f70f15c068c55751706184190204f7d,normal,dragonf-vfzf9o-dragonfly-peer-28.peer.d7y.svc.cluster.local,10.233.104.59,65000,20,0,,,441829,1695109304122752973,1695124651203378638,1170744322fbe5e73d8c7608408f101173084f136476ccaee6238c596b69d3a5,normal,dragonf-vfzf9o-dragonfly-peer-14.peer.d7y.svc.cluster.local,10.233.104.64,65000,21,0,,,549854,1695111104119798806,1695124471205195673,471dacc64613b1b62b81cc3325c147c477772c5262187187fa7badacab06dde8,normal,dragonf-vfzf9o-dragonfly-peer-11.peer.d7y.svc.cluster.local,10.233.104.75,65000,22,0,,,450435,1695108944121303018,1695124771204269954,1695125478121751638
619168f4-eec0-4210-8bb1-43cca2846d06,d416de072351968a98cffa7a0d44bdd7f684b0b06c21a6d17fd171c70494cb56,super,dragonf-vfzf9o-dragonfly-seed-peer-0.seed-peer.d7y.svc.cluster.local,10.233.113.96,65000,27,0,,,c08a5ea6a07aaf2ae29f6f6335c8382357f7edbe4181854aaf3833786dc46ea1,normal,dragonf-vfzf9o-dragonfly-peer-9.peer.d7y.svc.cluster.local,10.233.111.83,65000,21,0,,,414193,1695108221340640065,1695125189993846794,7721175b666769240fba47c733d325994ea27d4c470347be4111990aafc896e5,normal,dragonf-vfzf9o-dragonfly-peer-6.peer.d7y.svc.cluster.local,10.233.113.87,65000,24,0,,,174451,1695107921339071583,1695124649993505088,4067cbb29a62bb9063d0874e9a0f2973b787057c282de2739baa5d5a983113cb,normal,dragonf-vfzf9o-dragonfly-peer-21.peer.d7y.svc.cluster.local,10.233.111.132,65000,26,0,,,389311,1695111221341164339,1695124529993948675,d83f139c6b49c25b08007275968e926b22f090b7eb7bdd503650d7e1ff26d48e,normal,dragonf-vfzf9o-dragonfly-peer-12.peer.d7y.svc.cluster.local,10.233.113.92,65000,26,0,,,181055,1695108521341136209,1695124349993189867,11231bce07878bb86b7b50aff544615632578545a421fdb0b336289502891816,normal,dragonf-vfzf9o-dragonfly-peer-5.peer.d7y.svc.cluster.local,10.233.104.80,65000,18,0,,,366307,1695107681342853823,1695125429995089266,1695125478121751638
619168f4-eec0-4210-8bb1-43cca2846d06,8364ebe5a8ac9c80d4bb5c55ae790f4f857834e8181b6fa8e491c77a9bbc53ac,normal,dragonf-vfzf9o-dragonfly-peer-13.peer.d7y.svc.cluster.local,10.233.111.95,65000,23,0,,,5df480f859d51838fb3251b008cb459aedff78ed7a900230a1f70549df108389,normal,dragonf-vfzf9o-dragonfly-peer-10.peer.d7y.svc.cluster.local,10.233.104.78,65000,23,0,,,438071,1695108944980854799,1695125474961434497,a6ef37b546152845fd5dd465366eb1b2ca2bb9b9caa8d0a813684fddaa868660,normal,dragonf-vfzf9o-dragonfly-dfdaemon-v2lfb,10.233.104.221,65000,22,0,,,541133,1695109844975319309,1695125354960724457,7f1f0240b6ecc90efb3c2af15790eda4013c480cb44befb6d9065e861b6e2e6d,normal,dragonf-vfzf9o-dragonfly-peer-20.peer.d7y.svc.cluster.local,10.233.113.109,65000,26,0,,,397301,1695106274971964474,1695125424960720068,ad87f3233e90eecc8e13c92c11ec9ace5520869fccc98c3a8b920617771348e9,normal,dragonf-vfzf9o-dragonfly-peer-22.peer.d7y.svc.cluster.local,10.233.104.7,65000,19,0,,,457435,1695109844972240311,1695125354961822902,8330ca98496b41c9f3d2cbc683428a78c5954585e194a44b8f7c713ae02eeb06,normal,dragonf-vfzf9o-dragonfly-peer-23.peer.d7y.svc.cluster.local,10.233.113.95,65000,27,0,,,349658,1695106314971863990,1695125234961174870,1695125478121751638
619168f4-eec0-4210-8bb1-43cca2846d06,5d329e3ff4380cce91a188df4c4206175aadc549de218d0707855fe56ea05ddb,normal,dragonf-vfzf9o-dragonfly-peer-3.peer.d7y.svc.cluster.local,10.233.113.47,65000,27,0,,,692505f0b7bf19115fbf88dcf39e3d6517488b8c0daad13da76c42e7e2c0595d,normal,dragonf-vfzf9o-dragonfly-dfdaemon-82hgz,10.233.111.67,65000,22,0,,,533740,1695106051052667642,1695125379186209300,2a0627f4f1a7d8d122201f8caec090ead538e6efd5881d395f2763df88368fa6,normal,dragonf-vfzf9o-dragonfly-peer-2.peer.d7y.svc.cluster.local,10.233.104.60,65000,19,0,,,519796,1695110154539261893,1695124839186423461,d87cd92c133270d2eac9919159dd4cbc7318dd2640e45be1b8a44f52379d57d3,normal,dragonf-vfzf9o-dragonfly-peer-1.peer.d7y.svc.cluster.local,10.233.111.58,65000,24,0,,,394229,1695109103603207266,1695125079185341140,f9c13a259fffd1c5968db6f216fc4edaa8ffe2cc334fc4abfd775782bef17d30,normal,dragonf-vfzf9o-dragonfly-peer-4.peer.d7y.svc.cluster.local,10.233.111.128,65000,26,0,,,449904,1695106121052578435,1695124959185591867,a6ef37b546152845fd5dd465366eb1b2ca2bb9b9caa8d0a813684fddaa868660,normal,dragonf-vfzf9o-dragonfly-dfdaemon-v2lfb,10.233.104.221,65000,22,0,,,421878,1695109914535175642,1695124539185253512,1695125478121751638
619168f4-eec0-4210-8bb1-43cca2846d06,692505f0b7bf19115fbf88dcf39e3d6517488b8c0daad13da76c42e7e2c0595d,normal,dragonf-vfzf9o-dragonfly-dfdaemon-82hgz,10.233.111.67,65000,22,0,,,89bcd1d85802c7659d5ab89c3dd1a5f6fd36ecebfbe58ddfa6a18226808b4716,normal,dragonf-vfzf9o-dragonfly-peer-7.peer.d7y.svc.cluster.local,10.233.111.152,65000,21,0,,,189034,1695109250798589579,1695124471568382501,8364ebe5a8ac9c80d4bb5c55ae790f4f857834e8181b6fa8e491c77a9bbc53ac,normal,dragonf-vfzf9o-dragonfly-peer-13.peer.d7y.svc.cluster.local,10.233.111.95,65000,23,0,,,175623,1695106330795893101,1695124231569168337,8330ca98496b41c9f3d2cbc683428a78c5954585e194a44b8f7c713ae02eeb06,normal,dragonf-vfzf9o-dragonfly-peer-23.peer.d7y.svc.cluster.local,10.233.113.95,65000,27,0,,,461635,1695106290798915378,1695125311570199793,1170744322fbe5e73d8c7608408f101173084f136476ccaee6238c596b69d3a5,normal,dragonf-vfzf9o-dragonfly-peer-14.peer.d7y.svc.cluster.local,10.233.104.64,65000,21,0,,,420935,1695111080801798767,1695123211570357415,11231bce07878bb86b7b50aff544615632578545a421fdb0b336289502891816,normal,dragonf-vfzf9o-dragonfly-peer-5.peer.d7y.svc.cluster.local,10.233.104.80,65000,18,0,,,559003,1695107630797355945,1695124831570100565,1695125478121751638
619168f4-eec0-4210-8bb1-43cca2846d06,11231bce07878bb86b7b50aff544615632578545a421fdb0b336289502891816,normal,dragonf-vfzf9o-dragonfly-peer-5.peer.d7y.svc.cluster.local,10.233.104.80,65000,18,0,,,ad6141560446444253ba4c3af93e2938a0b00a494866a6588cebc46af137e9c6,normal,dragonf-vfzf9o-dragonfly-peer-0.peer.d7y.svc.cluster.local,10.233.113.171,65000,28,0,,,370179,1695110129218998743,1695124675748543298,1260448dcde2198ef3530baa1c6bc6381e842ea533ef902b9586011f9cea60da,normal,dragonf-vfzf9o-dragonfly-peer-27.peer.d7y.svc.cluster.local,10.233.111.63,65000,26,0,,,367694,1695108647811827199,1695123655747594258,ad87f3233e90eecc8e13c92c11ec9ace5520869fccc98c3a8b920617771348e9,normal,dragonf-vfzf9o-dragonfly-peer-22.peer.d7y.svc.cluster.local,10.233.104.7,65000,19,0,,,55485,1695109949214573999,1695124915746943782,7f1f0240b6ecc90efb3c2af15790eda4013c480cb44befb6d9065e861b6e2e6d,normal,dragonf-vfzf9o-dragonfly-peer-20.peer.d7y.svc.cluster.local,10.233.113.109,65000,26,0,,,371557,1695108227686125186,1695125455748153291,89bcd1d85802c7659d5ab89c3dd1a5f6fd36ecebfbe58ddfa6a18226808b4716,normal,dragonf-vfzf9o-dragonfly-peer-7.peer.d7y.svc.cluster.local,10.233.111.152,65000,21,0,,,391470,1695109229218669021,1695124555748657642,1695125478121751638
619168f4-eec0-4210-8bb1-43cca2846d06,5bc40df379bd607f15a064d36eff143babb66ed89f48c4a2c13778d850b53200,normal,dragonf-vfzf9o-dragonfly-peer-26.peer.d7y.svc.cluster.local,10.233.113.115,65000,28,0,,,d87cd92c133270d2eac9919159dd4cbc7318dd2640e45be1b8a44f52379d57d3,normal,dragonf-vfzf9o-dragonfly-peer-1.peer.d7y.svc.cluster.local,10.233.111.58,65000,24,0,,,558353,1695109090316952973,1695124858599003543,ece370933b02182900cb8e9b9316ef9b398903cb70857bdfddfb9b2777a52df6,normal,dragonf-vfzf9o-dragonfly-peer-16.peer.d7y.svc.cluster.local,10.233.111.123,65000,25,0,,,519523,1695106870320795201,1695122638598804800,f9c13a259fffd1c5968db6f216fc4edaa8ffe2cc334fc4abfd775782bef17d30,normal,dragonf-vfzf9o-dragonfly-peer-4.peer.d7y.svc.cluster.local,10.233.111.128,65000,26,0,,,414425,1695106600321177361,1695125278598828485,692505f0b7bf19115fbf88dcf39e3d6517488b8c0daad13da76c42e7e2c0595d,normal,dragonf-vfzf9o-dragonfly-dfdaemon-82hgz,10.233.111.67,65000,22,0,,,524869,1695106480318709076,1695125458598871768,39584671c46986c9693dbc88b12b5b0989fc5b3e5b51e9f4d8756090c1fdadc4,normal,dragonf-vfzf9o-dragonfly-dfdaemon-t47nw,10.233.113.254,65000,29,0,,,141047,1695106740319247027,1695124858597490093,1695125478121751638
619168f4-eec0-4210-8bb1-43cca2846d06,5df480f859d51838fb3251b008cb459aedff78ed7a900230a1f70549df108389,normal,dragonf-vfzf9o-dragonfly-peer-10.peer.d7y.svc.cluster.local,10.233.104.78,65000,23,0,,,4067cbb29a62bb9063d0874e9a0f2973b787057c282de2739baa5d5a983113cb,normal,dragonf-vfzf9o-dragonfly-peer-21.peer.d7y.svc.cluster.local,10.233.111.132,65000,26,0,,,488640,1695110038221515555,1695125268630303756,f9c13a259fffd1c5968db6f216fc4edaa8ffe2cc334fc4abfd775782bef17d30,normal,dragonf-vfzf9o-dragonfly-peer-4.peer.d7y.svc.cluster.local,10.233.111.128,65000,26,0,,,1252611,1695109618221978585,1695124908631015789,1170744322fbe5e73d8c7608408f101173084f136476ccaee6238c596b69d3a5,normal,dragonf-vfzf9o-dragonfly-peer-14.peer.d7y.svc.cluster.local,10.233.104.64,65000,21,0,,,103850,1695111238219039476,1695125388629830679,6e31410044dd0491953bd0aee12715014139d4310df08a13c8011e5b239c28a8,normal,dragonf-vfzf9o-dragonfly-peer-29.peer.d7y.svc.cluster.local,10.233.113.27,65000,28,0,,,466486,1695111538221139609,1695125448630053957,8330ca98496b41c9f3d2cbc683428a78c5954585e194a44b8f7c713ae02eeb06,normal,dragonf-vfzf9o-dragonfly-peer-23.peer.d7y.svc.cluster.local,10.233.113.95,65000,27,0,,,1174903,1695110398221418703,1695124908631052006,1695125478121751638
619168f4-eec0-4210-8bb1-43cca2846d06,7b0136e67f9d3fb4c59b6971be1e33d6487414bde3c1ddca20b3229b5b6a3bae,normal,dragonf-vfzf9o-dragonfly-peer-24.peer.d7y.svc.cluster.local,10.233.111.153,65000,21,0,,,89bcd1d85802c7659d5ab89c3dd1a5f6fd36ecebfbe58ddfa6a18226808b4716,normal,dragonf-vfzf9o-dragonfly-peer-7.peer.d7y.svc.cluster.local,10.233.111.152,65000,21,0,,,188662,1695109228774696133,1695125368700743198,a6ef37b546152845fd5dd465366eb1b2ca2bb9b9caa8d0a813684fddaa868660,normal,dragonf-vfzf9o-dragonfly-dfdaemon-v2lfb,10.233.104.221,65000,22,0,,,501755,1695109818773357141,1695124348701589067,7721175b666769240fba47c733d325994ea27d4c470347be4111990aafc896e5,normal,dragonf-vfzf9o-dragonfly-peer-6.peer.d7y.svc.cluster.local,10.233.113.87,65000,24,0,,,498325,1695106638771467943,1695125068700979915,8364ebe5a8ac9c80d4bb5c55ae790f4f857834e8181b6fa8e491c77a9bbc53ac,normal,dragonf-vfzf9o-dragonfly-peer-13.peer.d7y.svc.cluster.local,10.233.111.95,65000,23,0,,,258696,1695106348773095464,1695125068700696155,d83f139c6b49c25b08007275968e926b22f090b7eb7bdd503650d7e1ff26d48e,normal,dragonf-vfzf9o-dragonfly-peer-12.peer.d7y.svc.cluster.local,10.233.113.92,65000,26,0,,,405889,1695106398771774201,1695124708701380319,1695125478121751638
619168f4-eec0-4210-8bb1-43cca2846d06,411f1e16da62eeac2f2c00430e98dd43a91c03861f05f79ee5af8066147e5215,normal,dragonf-vfzf9o-dragonfly-peer-17.peer.d7y.svc.cluster.local,10.233.113.229,65000,27,0,,,2a0627f4f1a7d8d122201f8caec090ead538e6efd5881d395f2763df88368fa6,normal,dragonf-vfzf9o-dragonfly-peer-2.peer.d7y.svc.cluster.local,10.233.104.60,65000,19,0,,,482835,1695108947263330579,1695125357256102053,471dacc64613b1b62b81cc3325c147c477772c5262187187fa7badacab06dde8,normal,dragonf-vfzf9o-dragonfly-peer-11.peer.d7y.svc.cluster.local,10.233.104.75,65000,22,0,,,472204,1695108947264925364,1695125437256494582,6e31410044dd0491953bd0aee12715014139d4310df08a13c8011e5b239c28a8,normal,dragonf-vfzf9o-dragonfly-peer-29.peer.d7y.svc.cluster.local,10.233.113.27,65000,28,0,,,200581,1695106357258331926,1695125327256268135,692505f0b7bf19115fbf88dcf39e3d6517488b8c0daad13da76c42e7e2c0595d,normal,dragonf-vfzf9o-dragonfly-dfdaemon-82hgz,10.233.111.67,65000,22,0,,,583957,1695106687260174407,1695125477256289484,5d329e3ff4380cce91a188df4c4206175aadc549de218d0707855fe56ea05ddb,normal,dragonf-vfzf9o-dragonfly-peer-3.peer.d7y.svc.cluster.local,10.233.113.47,65000,27,0,,,178686,1695106227271319559,1695125317256169220,1695125478121751638
619168f4-eec0-4210-8bb1-43cca2846d06,89bcd1d85802c7659d5ab89c3dd1a5f6fd36ecebfbe58ddfa6a18226808b4716,normal,dragonf-vfzf9o-dragonfly-peer-7.peer.d7y.svc.cluster.local,10.233.111.152,65000,21,0,,,4067cbb29a62bb9063d0874e9a0f2973b787057c282de2739baa5d5a983113cb,normal,dragonf-vfzf9o-dragonfly-peer-21.peer.d7y.svc.cluster.local,10.233.111.132,65000,26,0,,,213522,1695109789689818621,1695125371138352077,ad6141560446444253ba4c3af93e2938a0b00a494866a6588cebc46af137e9c6,normal,dragonf-vfzf9o-dragonfly-peer-0.peer.d7y.svc.cluster.local,10.233.113.171,65000,28,0,,,325366,1695110029691996569,1695125431137995717,5d329e3ff4380cce91a188df4c4206175aadc549de218d0707855fe56ea05ddb,normal,dragonf-vfzf9o-dragonfly-peer-3.peer.d7y.svc.cluster.local,10.233.113.47,65000,27,0,,,312617,1695110689691365599,1695125431139191737,7b0136e67f9d3fb4c59b6971be1e33d6487414bde3c1ddca20b3229b5b6a3bae,normal,dragonf-vfzf9o-dragonfly-peer-24.peer.d7y.svc.cluster.local,10.233.111.153,65000,21,0,,,148413,1695113911152638096,1695123871138671909,8330ca98496b41c9f3d2cbc683428a78c5954585e194a44b8f7c713ae02eeb06,normal,dragonf-vfzf9o-dragonfly-peer-23.peer.d7y.svc.cluster.local,10.233.113.95,65000,27,0,,,362098,1695111589694370776,1695125431139215978,1695125478121751638
619168f4-eec0-4210-8bb1-43cca2846d06,6e31410044dd0491953bd0aee12715014139d4310df08a13c8011e5b239c28a8,normal,dragonf-vfzf9o-dragonfly-peer-29.peer.d7y.svc.cluster.local,10.233.113.27,65000,28,0,,,d87cd92c133270d2eac9919159dd4cbc7318dd2640e45be1b8a44f52379d57d3,normal,dragonf-vfzf9o-dragonfly-peer-1.peer.d7y.svc.cluster.local,10.233.111.58,65000,24,0,,,552036,1695109054712993825,1695125160643256446,bc2c36a182b249d66621dda0c6f69df080c139fe3d0ae797ddf29b874e313ed8,normal,dragonf-vfzf9o-dragonfly-peer-25.peer.d7y.svc.cluster.local,10.233.104.251,65000,21,0,,,427454,1695109834708763810,1695125220643039174,8330ca98496b41c9f3d2cbc683428a78c5954585e194a44b8f7c713ae02eeb06,normal,dragonf-vfzf9o-dragonfly-peer-23.peer.d7y.svc.cluster.local,10.233.113.95,65000,27,0,,,209954,1695106724706796476,1695122880643166406,fcb55eb7cbd5118e1bc6cbd5fbf87e6bfee7a827fd7abf8c97f879a7b8694255,normal,dragonf-vfzf9o-dragonfly-peer-18.peer.d7y.svc.cluster.local,10.233.111.156,65000,25,0,,,494938,1695106374709459595,1695124080643407959,ad6141560446444253ba4c3af93e2938a0b00a494866a6588cebc46af137e9c6,normal,dragonf-vfzf9o-dragonfly-peer-0.peer.d7y.svc.cluster.local,10.233.113.171,65000,28,0,,,197133,1695106684708333920,1695125220642854193,1695125478121751638
619168f4-eec0-4210-8bb1-43cca2846d06,1427360dbac1a87480934e794494d5f6b2074c1d30618dbd15aafe66de554790,normal,dragonf-vfzf9o-dragonfly-peer-15.peer.d7y.svc.cluster.local,10.233.113.111,65000,26,0,,,471dacc64613b1b62b81cc3325c147c477772c5262187187fa7badacab06dde8,normal,dragonf-vfzf9o-dragonfly-peer-11.peer.d7y.svc.cluster.local,10.233.104.75,65000,22,0,,,424721,1695108928534554376,1695125238511745015,7b0136e67f9d3fb4c59b6971be1e33d6487414bde3c1ddca20b3229b5b6a3bae,normal,dragonf-vfzf9o-dragonfly-peer-24.peer.d7y.svc.cluster.local,10.233.111.153,65000,21,0,,,508307,1695106318514803849,1695125228511461234,8330ca98496b41c9f3d2cbc683428a78c5954585e194a44b8f7c713ae02eeb06,normal,dragonf-vfzf9o-dragonfly-peer-23.peer.d7y.svc.cluster.local,10.233.113.95,65000,27,0,,,194999,1695106298513492636,1695125378509771631,89bcd1d85802c7659d5ab89c3dd1a5f6fd36ecebfbe58ddfa6a18226808b4716,normal,dragonf-vfzf9o-dragonfly-peer-7.peer.d7y.svc.cluster.local,10.233.111.152,65000,21,0,,,582717,1695109238514809044,1695125458511376070,c08a5ea6a07aaf2ae29f6f6335c8382357f7edbe4181854aaf3833786dc46ea1,normal,dragonf-vfzf9o-dragonfly-peer-9.peer.d7y.svc.cluster.local,10.233.111.83,65000,21,0,,,517887,1695106708516818371,1695124888510123167,1695125478121751638
619168f4-eec0-4210-8bb1-43cca2846d06,d83f139c6b49c25b08007275968e926b22f090b7eb7bdd503650d7e1ff26d48e,normal,dragonf-vfzf9o-dragonfly-peer-12.peer.d7y.svc.cluster.local,10.233.113.92,65000,26,0,,,a6ef37b546152845fd5dd465366eb1b2ca2bb9b9caa8d0a813684fddaa868660,normal,dragonf-vfzf9o-dragonfly-dfdaemon-v2lfb,10.233.104.221,65000,22,0,,,506134,1695109837768285700,1695124957766333584,bc2c36a182b249d66621dda0c6f69df080c139fe3d0ae797ddf29b874e313ed8,normal,dragonf-vfzf9o-dragonfly-peer-25.peer.d7y.svc.cluster.local,10.233.104.251,65000,21,0,,,474393,1695109957769255702,1695125317766300693,ece370933b02182900cb8e9b9316ef9b398903cb70857bdfddfb9b2777a52df6,normal,dragonf-vfzf9o-dragonfly-peer-16.peer.d7y.svc.cluster.local,10.233.111.123,65000,25,0,,,457497,1695106205211593685,1695125317766279048,c08a5ea6a07aaf2ae29f6f6335c8382357f7edbe4181854aaf3833786dc46ea1,normal,dragonf-vfzf9o-dragonfly-peer-9.peer.d7y.svc.cluster.local,10.233.111.83,65000,21,0,,,419865,1695106165203673213,1695125437765559163,7b0136e67f9d3fb4c59b6971be1e33d6487414bde3c1ddca20b3229b5b6a3bae,normal,dragonf-vfzf9o-dragonfly-peer-24.peer.d7y.svc.cluster.local,10.233.111.153,65000,21,0,,,411008,1695106315204442369,1695124777765668554,1695125478121751638
619168f4-eec0-4210-8bb1-43cca2846d06,c08a5ea6a07aaf2ae29f6f6335c8382357f7edbe4181854aaf3833786dc46ea1,normal,dragonf-vfzf9o-dragonfly-peer-9.peer.d7y.svc.cluster.local,10.233.111.83,65000,21,0,,,ad87f3233e90eecc8e13c92c11ec9ace5520869fccc98c3a8b920617771348e9,normal,dragonf-vfzf9o-dragonfly-peer-22.peer.d7y.svc.cluster.local,10.233.104.7,65000,19,0,,,475017,1695110026099383260,1695125251976661765,a6ef37b546152845fd5dd465366eb1b2ca2bb9b9caa8d0a813684fddaa868660,normal,dragonf-vfzf9o-dragonfly-dfdaemon-v2lfb,10.233.104.221,65000,22,0,,,451160,1695109966103130248,1695125191976287578,1427360dbac1a87480934e794494d5f6b2074c1d30618dbd15aafe66de554790,normal,dragonf-vfzf9o-dragonfly-peer-15.peer.d7y.svc.cluster.local,10.233.113.111,65000,26,0,,,360055,1695106190964186099,1695124531976757735,2a0627f4f1a7d8d122201f8caec090ead538e6efd5881d395f2763df88368fa6,normal,dragonf-vfzf9o-dragonfly-peer-2.peer.d7y.svc.cluster.local,10.233.104.60,65000,19,0,,,440945,1695110266100197537,1695124471976794093,fcb55eb7cbd5118e1bc6cbd5fbf87e6bfee7a827fd7abf8c97f879a7b8694255,normal,dragonf-vfzf9o-dragonfly-peer-18.peer.d7y.svc.cluster.local,10.233.111.156,65000,25,0,,,196123,1695106240963496414,1695124771976471132,1695125478121751638
619168f4-eec0-4210-8bb1-43cca2846d06,ece370933b02182900cb8e9b9316ef9b398903cb70857bdfddfb9b2777a52df6,normal,dragonf-vfzf9o-dragonfly-peer-16.peer.d7y.svc.cluster.local,10.233.111.123,65000,25,0,,,4067cbb29a62bb9063d0874e9a0f2973b787057c282de2739baa5d5a983113cb,normal,dragonf-vfzf9o-dragonfly-peer-21.peer.d7y.svc.cluster.local,10.233.111.132,65000,26,0,,,202046,1695106274767554614,1695125404757998879,8364ebe5a8ac9c80d4bb5c55ae790f4f857834e8181b6fa8e491c77a9bbc53ac,normal,dragonf-vfzf9o-dragonfly-peer-13.peer.d7y.svc.cluster.local,10.233.111.95,65000,23,0,,,206264,1695106374767964960,1695125374758514545,1260448dcde2198ef3530baa1c6bc6381e842ea533ef902b9586011f9cea60da,normal,dragonf-vfzf9o-dragonfly-peer-27.peer.d7y.svc.cluster.local,10.233.111.63,65000,26,0,,,158959,1695106334770417346,1695125394757377219,bc2c36a182b249d66621dda0c6f69df080c139fe3d0ae797ddf29b874e313ed8,normal,dragonf-vfzf9o-dragonfly-peer-25.peer.d7y.svc.cluster.local,10.233.104.251,65000,21,0,,,410127,1695109834769137454,1695125434758954436,7223095f685074bea803294004e731ca1855e6af505f33eb350b7aaf6eab199f,normal,dragonf-vfzf9o-dragonfly-peer-19.peer.d7y.svc.cluster.local,10.233.104.163,65000,20,0,,,573506,1695111094770812878,1695125254758858726,1695125478121751638
619168f4-eec0-4210-8bb1-43cca2846d06,a65c4e098ef9ac6cd23d365723f3363e7f70f15c068c55751706184190204f7d,normal,dragonf-vfzf9o-dragonfly-peer-28.peer.d7y.svc.cluster.local,10.233.104.59,65000,20,0,,,d416de072351968a98cffa7a0d44bdd7f684b0b06c21a6d17fd171c70494cb56,super,dragonf-vfzf9o-dragonfly-seed-peer-0.seed-peer.d7y.svc.cluster.local,10.233.113.96,65000,27,0,,,462427,1695109349423465581,1695124198729645550,5d329e3ff4380cce91a188df4c4206175aadc549de218d0707855fe56ea05ddb,normal,dragonf-vfzf9o-dragonfly-peer-3.peer.d7y.svc.cluster.local,10.233.113.47,65000,27,0,,,362374,1695108989420802094,1695124318728988359,fcb55eb7cbd5118e1bc6cbd5fbf87e6bfee7a827fd7abf8c97f879a7b8694255,normal,dragonf-vfzf9o-dragonfly-peer-18.peer.d7y.svc.cluster.local,10.233.111.156,65000,25,0,,,512112,1695110849423517200,1695125158729913937,7721175b666769240fba47c733d325994ea27d4c470347be4111990aafc896e5,normal,dragonf-vfzf9o-dragonfly-peer-6.peer.d7y.svc.cluster.local,10.233.113.87,65000,24,0,,,395067,1695113098750477213,1695125338730703827,89bcd1d85802c7659d5ab89c3dd1a5f6fd36ecebfbe58ddfa6a18226808b4716,normal,dragonf-vfzf9o-dragonfly-peer-7.peer.d7y.svc.cluster.local,10.233.111.152,65000,21,0,,,393760,1695109229421743381,1695124738730684607,1695125478121751638
619168f4-eec0-4210-8bb1-43cca2846d06,ad87f3233e90eecc8e13c92c11ec9ace5520869fccc98c3a8b920617771348e9,normal,dragonf-vfzf9o-dragonfly-peer-22.peer.d7y.svc.cluster.local,10.233.104.7,65000,19,0,,,5df480f859d51838fb3251b008cb459aedff78ed7a900230a1f70549df108389,normal,dragonf-vfzf9o-dragonfly-peer-10.peer.d7y.svc.cluster.local,10.233.104.78,65000,23,0,,,60807,1695110006619435670,1695125426602953570,ad6141560446444253ba4c3af93e2938a0b00a494866a6588cebc46af137e9c6,normal,dragonf-vfzf9o-dragonfly-peer-0.peer.d7y.svc.cluster.local,10.233.113.171,65000,28,0,,,519122,1695111086622906862,1695124346603249889,1427360dbac1a87480934e794494d5f6b2074c1d30618dbd15aafe66de554790,normal,dragonf-vfzf9o-dragonfly-peer-15.peer.d7y.svc.cluster.local,10.233.113.111,65000,26,0,,,461304,1695111206619150318,1695124046603690572,d87cd92c133270d2eac9919159dd4cbc7318dd2640e45be1b8a44f52379d57d3,normal,dragonf-vfzf9o-dragonfly-peer-1.peer.d7y.svc.cluster.local,10.233.111.58,65000,24,0,,,541407,1695110066621160671,1695125246603717097,1170744322fbe5e73d8c7608408f101173084f136476ccaee6238c596b69d3a5,normal,dragonf-vfzf9o-dragonfly-peer-14.peer.d7y.svc.cluster.local,10.233.104.64,65000,21,0,,,59791,1695111146618700967,1695125426602951686,1695125478121751638
619168f4-eec0-4210-8bb1-43cca2846d06,7721175b666769240fba47c733d325994ea27d4c470347be4111990aafc896e5,normal,dragonf-vfzf9o-dragonfly-peer-6.peer.d7y.svc.cluster.local,10.233.113.87,65000,24,0,,,d416de072351968a98cffa7a0d44bdd7f684b0b06c21a6d17fd171c70494cb56,super,dragonf-vfzf9o-dragonfly-seed-peer-0.seed-peer.d7y.svc.cluster.local,10.233.113.96,65000,27,0,,,135711,1695107561113972272,1695124899755864600,11231bce07878bb86b7b50aff544615632578545a421fdb0b336289502891816,normal,dragonf-vfzf9o-dragonfly-peer-5.peer.d7y.svc.cluster.local,10.233.104.80,65000,18,0,,,555511,1695107741109564697,1695125139756947157,2a0627f4f1a7d8d122201f8caec090ead538e6efd5881d395f2763df88368fa6,normal,dragonf-vfzf9o-dragonfly-peer-2.peer.d7y.svc.cluster.local,10.233.104.60,65000,19,0,,,579180,1695108941117956975,1695124599757663938,ad87f3233e90eecc8e13c92c11ec9ace5520869fccc98c3a8b920617771348e9,normal,dragonf-vfzf9o-dragonfly-peer-22.peer.d7y.svc.cluster.local,10.233.104.7,65000,19,0,,,409252,1695110754610717950,1695124779756923847,d87cd92c133270d2eac9919159dd4cbc7318dd2640e45be1b8a44f52379d57d3,normal,dragonf-vfzf9o-dragonfly-peer-1.peer.d7y.svc.cluster.local,10.233.111.58,65000,24,0,,,445659,1695109061114758798,1695125439756070011,1695125478121751638
619168f4-eec0-4210-8bb1-43cca2846d06,7223095f685074bea803294004e731ca1855e6af505f33eb350b7aaf6eab199f,normal,dragonf-vfzf9o-dragonfly-peer-19.peer.d7y.svc.cluster.local,10.233.104.163,65000,20,0,,,a6ef37b546152845fd5dd465366eb1b2ca2bb9b9caa8d0a813684fddaa868660,normal,dragonf-vfzf9o-dragonfly-dfdaemon-v2lfb,10.233.104.221,65000,22,0,,,55836,1695111428164565502,1695124448148248059,8330ca98496b41c9f3d2cbc683428a78c5954585e194a44b8f7c713ae02eeb06,normal,dragonf-vfzf9o-dragonfly-peer-23.peer.d7y.svc.cluster.local,10.233.113.95,65000,27,0,,,386588,1695111188166149905,1695125168147742850,ad6141560446444253ba4c3af93e2938a0b00a494866a6588cebc46af137e9c6,normal,dragonf-vfzf9o-dragonfly-peer-0.peer.d7y.svc.cluster.local,10.233.113.171,65000,28,0,,,613472,1695111128166397464,1695124628148877208,411f1e16da62eeac2f2c00430e98dd43a91c03861f05f79ee5af8066147e5215,normal,dragonf-vfzf9o-dragonfly-peer-17.peer.d7y.svc.cluster.local,10.233.113.229,65000,27,0,,,409808,1695111308168257268,1695124988148048672,11231bce07878bb86b7b50aff544615632578545a421fdb0b336289502891816,normal,dragonf-vfzf9o-dragonfly-peer-5.peer.d7y.svc.cluster.local,10.233.104.80,65000,18,0,,,169128,1695112148164849854,1695125288148046182,1695125478121751638
619168f4-eec0-4210-8bb1-43cca2846d06,8330ca98496b41c9f3d2cbc683428a78c5954585e194a44b8f7c713ae02eeb06,normal,dragonf-vfzf9o-dragonfly-peer-23.peer.d7y.svc.cluster.local,10.233.113.95,65000,27,0,,,7b0136e67f9d3fb4c59b6971be1e33d6487414bde3c1ddca20b3229b5b6a3bae,normal,dragonf-vfzf9o-dragonfly-peer-24.peer.d7y.svc.cluster.local,10.233.111.153,65000,21,0,,,463381,1695106309137669547,1695125430970234639,d416de072351968a98cffa7a0d44bdd7f684b0b06c21a6d17fd171c70494cb56,super,dragonf-vfzf9o-dragonfly-seed-peer-0.seed-peer.d7y.svc.cluster.local,10.233.113.96,65000,27,0,,,194110,1695107419139483943,1695125190969520619,7721175b666769240fba47c733d325994ea27d4c470347be4111990aafc896e5,normal,dragonf-vfzf9o-dragonfly-peer-6.peer.d7y.svc.cluster.local,10.233.113.87,65000,24,0,,,184634,1695106409134064514,1695125010968947841,4067cbb29a62bb9063d0874e9a0f2973b787057c282de2739baa5d5a983113cb,normal,dragonf-vfzf9o-dragonfly-peer-21.peer.d7y.svc.cluster.local,10.233.111.132,65000,26,0,,,521030,1695106489138638698,1695124110969460038,1170744322fbe5e73d8c7608408f101173084f136476ccaee6238c596b69d3a5,normal,dragonf-vfzf9o-dragonfly-peer-14.peer.d7y.svc.cluster.local,10.233.104.64,65000,21,0,,,491277,1695111079137486316,1695125250970142041,1695125478121751638
619168f4-eec0-4210-8bb1-43cca2846d06,a6ef37b546152845fd5dd465366eb1b2ca2bb9b9caa8d0a813684fddaa868660,normal,dragonf-vfzf9o-dragonfly-dfdaemon-v2lfb,10.233.104.221,65000,22,0,,,7223095f685074bea803294004e731ca1855e6af505f33eb350b7aaf6eab199f,normal,dragonf-vfzf9o-dragonfly-peer-19.peer.d7y.svc.cluster.local,10.233.104.163,65000,20,0,,,44318,1695111086620628432,1695125426603818415,411f1e16da62eeac2f2c00430e98dd43a91c03861f05f79ee5af8066147e5215,normal,dragonf-vfzf9o-dragonfly-peer-17.peer.d7y.svc.cluster.local,10.233.113.229,65000,27,0,,,396742,1695110966624080894,1695125066603840897,89bcd1d85802c7659d5ab89c3dd1a5f6fd36ecebfbe58ddfa6a18226808b4716,normal,dragonf-vfzf9o-dragonfly-peer-7.peer.d7y.svc.cluster.local,10.233.111.152,65000,21,0,,,440733,1695110066621141906,1695125246605943398,1427360dbac1a87480934e794494d5f6b2074c1d30618dbd15aafe66de554790,normal,dragonf-vfzf9o-dragonfly-peer-15.peer.d7y.svc.cluster.local,10.233.113.111,65000,26,0,,,429665,1695110546622049116,1695124646604274533,f9c13a259fffd1c5968db6f216fc4edaa8ffe2cc334fc4abfd775782bef17d30,normal,dragonf-vfzf9o-dragonfly-peer-4.peer.d7y.svc.cluster.local,10.233.111.128,65000,26,0,,,512929,1695110006622546680,1695124466605017313,1695125478121751638
619168f4-eec0-4210-8bb1-43cca2846d06,1260448dcde2198ef3530baa1c6bc6381e842ea533ef902b9586011f9cea60da,normal,dragonf-vfzf9o-dragonfly-peer-27.peer.d7y.svc.cluster.local,10.233.111.63,65000,26,0,,,8364ebe5a8ac9c80d4bb5c55ae790f4f857834e8181b6fa8e491c77a9bbc53ac,normal,dragonf-vfzf9o-dragonfly-peer-13.peer.d7y.svc.cluster.local,10.233.111.95,65000,23,0,,,211246,1695106530865364648,1695124951138221639,7721175b666769240fba47c733d325994ea27d4c470347be4111990aafc896e5,normal,dragonf-vfzf9o-dragonfly-peer-6.peer.d7y.svc.cluster.local,10.233.113.87,65000,24,0,,,529512,1695106340867068770,1695123751139456009,5d329e3ff4380cce91a188df4c4206175aadc549de218d0707855fe56ea05ddb,normal,dragonf-vfzf9o-dragonfly-peer-3.peer.d7y.svc.cluster.local,10.233.113.47,65000,27,0,,,539853,1695106350866406913,1695125431138824831,7b0136e67f9d3fb4c59b6971be1e33d6487414bde3c1ddca20b3229b5b6a3bae,normal,dragonf-vfzf9o-dragonfly-peer-24.peer.d7y.svc.cluster.local,10.233.111.153,65000,21,0,,,189883,1695106360864346472,1695125251137643904,1427360dbac1a87480934e794494d5f6b2074c1d30618dbd15aafe66de554790,normal,dragonf-vfzf9o-dragonfly-peer-15.peer.d7y.svc.cluster.local,10.233.113.111,65000,26,0,,,840880,1695106410867000607,1695124591138810756,1695125478121751638
619168f4-eec0-4210-8bb1-43cca2846d06,d87cd92c133270d2eac9919159dd4cbc7318dd2640e45be1b8a44f52379d57d3,normal,dragonf-vfzf9o-dragonfly-peer-1.peer.d7y.svc.cluster.local,10.233.111.58,65000,24,0,,,11231bce07878bb86b7b50aff544615632578545a421fdb0b336289502891816,normal,dragonf-vfzf9o-dragonfly-peer-5.peer.d7y.svc.cluster.local,10.233.104.80,65000,18,0,,,451670,1695111527857768283,1695125374913669344,1260448dcde2198ef3530baa1c6bc6381e842ea533ef902b9586011f9cea60da,normal,dragonf-vfzf9o-dragonfly-peer-27.peer.d7y.svc.cluster.local,10.233.111.63,65000,26,0,,,230299,1695110267858548006,1695123394912213018,7721175b666769240fba47c733d325994ea27d4c470347be4111990aafc896e5,normal,dragonf-vfzf9o-dragonfly-peer-6.peer.d7y.svc.cluster.local,10.233.113.87,65000,24,0,,,345597,1695110447859688572,1695125194912002883,7b0136e67f9d3fb4c59b6971be1e33d6487414bde3c1ddca20b3229b5b6a3bae,normal,dragonf-vfzf9o-dragonfly-peer-24.peer.d7y.svc.cluster.local,10.233.111.153,65000,21,0,,,125927,1695112414924894405,1695124534911717509,c08a5ea6a07aaf2ae29f6f6335c8382357f7edbe4181854aaf3833786dc46ea1,normal,dragonf-vfzf9o-dragonfly-peer-9.peer.d7y.svc.cluster.local,10.233.111.83,65000,21,0,,,185652,1695110327856721728,1695125014912522029,1695125478121751638
619168f4-eec0-4210-8bb1-43cca2846d06,f9c13a259fffd1c5968db6f216fc4edaa8ffe2cc334fc4abfd775782bef17d30,normal,dragonf-vfzf9o-dragonfly-peer-4.peer.d7y.svc.cluster.local,10.233.111.128,65000,26,0,,,1427360dbac1a87480934e794494d5f6b2074c1d30618dbd15aafe66de554790,normal,dragonf-vfzf9o-dragonfly-peer-15.peer.d7y.svc.cluster.local,10.233.113.111,65000,26,0,,,508173,1695106189884805196,1695123526033608216,692505f0b7bf19115fbf88dcf39e3d6517488b8c0daad13da76c42e7e2c0595d,normal,dragonf-vfzf9o-dragonfly-dfdaemon-82hgz,10.233.111.67,65000,22,0,,,965146,1695106109883464906,1695124606034822276,6e31410044dd0491953bd0aee12715014139d4310df08a13c8011e5b239c28a8,normal,dragonf-vfzf9o-dragonfly-peer-29.peer.d7y.svc.cluster.local,10.233.113.27,65000,28,0,,,350338,1695106369882507325,1695125146034121349,a65c4e098ef9ac6cd23d365723f3363e7f70f15c068c55751706184190204f7d,normal,dragonf-vfzf9o-dragonfly-peer-28.peer.d7y.svc.cluster.local,10.233.104.59,65000,20,0,,,454552,1695108989383236140,1695125206033548953,1170744322fbe5e73d8c7608408f101173084f136476ccaee6238c596b69d3a5,normal,dragonf-vfzf9o-dragonfly-peer-14.peer.d7y.svc.cluster.local,10.233.104.64,65000,21,0,,,387830,1695111089362625719,1695124846034320034,1695125478121751638
619168f4-eec0-4210-8bb1-43cca2846d06,2a0627f4f1a7d8d122201f8caec090ead538e6efd5881d395f2763df88368fa6,normal,dragonf-vfzf9o-dragonfly-peer-2.peer.d7y.svc.cluster.local,10.233.104.60,65000,19,0,,,33c142ffce5085deab9b1489cd78b34a518e107908061842254752ce4ec112bb,normal,dragonf-vfzf9o-dragonfly-peer-8.peer.d7y.svc.cluster.local,10.233.113.233,65000,25,0,,,424391,1695111089104306139,1695123414375031888,d83f139c6b49c25b08007275968e926b22f090b7eb7bdd503650d7e1ff26d48e,normal,dragonf-vfzf9o-dragonfly-peer-12.peer.d7y.svc.cluster.local,10.233.113.92,65000,26,0,,,398119,1695109469103237974,1695125394374216669,ece370933b02182900cb8e9b9316ef9b398903cb70857bdfddfb9b2777a52df6,normal,dragonf-vfzf9o-dragonfly-peer-16.peer.d7y.svc.cluster.local,10.233.111.123,65000,25,0,,,455015,1695110969103936111,1695124914375129408,4067cbb29a62bb9063d0874e9a0f2973b787057c282de2739baa5d5a983113cb,normal,dragonf-vfzf9o-dragonfly-peer-21.peer.d7y.svc.cluster.local,10.233.111.132,65000,26,0,,,458387,1695112314390096652,1695125394374778331,1170744322fbe5e73d8c7608408f101173084f136476ccaee6238c596b69d3a5,normal,dragonf-vfzf9o-dragonfly-peer-14.peer.d7y.svc.cluster.local,10.233.104.64,65000,21,0,,,56980,1695111089102868322,1695124554374175134,1695125478121751638
619168f4-eec0-4210-8bb1-43cca2846d06,1170744322fbe5e73d8c7608408f101173084f136476ccaee6238c596b69d3a5,normal,dragonf-vfzf9o-dragonfly-peer-14.peer.d7y.svc.cluster.local,10.233.104.64,65000,21,0,,,d83f139c6b49c25b08007275968e926b22f090b7eb7bdd503650d7e1ff26d48e,normal,dragonf-vfzf9o-dragonfly-peer-12.peer.d7y.svc.cluster.local,10.233.113.92,65000,26,0,,,459004,1695112447805856997,1695124027786699053,ece370933b02182900cb8e9b9316ef9b398903cb70857bdfddfb9b2777a52df6,normal,dragonf-vfzf9o-dragonfly-peer-16.peer.d7y.svc.cluster.local,10.233.111.123,65000,25,0,,,480370,1695112087805452217,1695125347786897211,f9c13a259fffd1c5968db6f216fc4edaa8ffe2cc334fc4abfd775782bef17d30,normal,dragonf-vfzf9o-dragonfly-peer-4.peer.d7y.svc.cluster.local,10.233.111.128,65000,26,0,,,426826,1695111127803966194,1695125407786344552,471dacc64613b1b62b81cc3325c147c477772c5262187187fa7badacab06dde8,normal,dragonf-vfzf9o-dragonfly-peer-11.peer.d7y.svc.cluster.local,10.233.104.75,65000,22,0,,,60591,1695112447802971148,1695124567785781502,fcb55eb7cbd5118e1bc6cbd5fbf87e6bfee7a827fd7abf8c97f879a7b8694255,normal,dragonf-vfzf9o-dragonfly-peer-18.peer.d7y.svc.cluster.local,10.233.111.156,65000,25,0,,,479109,1695111187804572423,1695124927785796554,1695125478121751638
